ID,Severity,Title,WCAG Criterion,File,Line,Status,Owner,Estimated Effort,Notes
C1,Critical,"Service-area map exposes interactive controls inside role=""img""","4.1.2, 1.1.1, 2.1.1",src/components/marketing/ServiceAreaMap.astro,25-34,Fixed 2026-09-19,Frontend,Small,"Removed role=img; added aria-label per marker; also fixed a second issue found during verification: Leaflet's keypress-based Enter handling doesn't fire in current Chrome, so added a keydown handler for Enter/Space"
C2,Critical,"Focus outline removed on focusable map polygons with no replacement",2.4.7,src/components/marketing/ServiceAreaMap.astro,178-180,Fixed 2026-09-19,Frontend,Small,"Switched to :focus-visible so keyboard-reached markers show a ring while click-only polygon focus stays suppressed"
I1,Important,"Content schema allows meaningful images to ship with no alt text",1.1.1,src/content.config.ts,"46-47, 243-244",Fixed 2026-09-19,Frontend/Content tooling,Small,"Added .superRefine() requiring alt text whenever the image field is set, for both news.heroImage and teams.robots[].image; verified against all current content via astro build + npm test"
I2,Important,"News filter grid gives no live-region status update on filter",4.1.3,src/components/grids/NewsGrid.astro,108-179,Fixed 2026-09-19,Frontend,Small,"Added role=status/aria-live count region, copying the about/teams.astro pattern; verified live"
M1,Minor,"Heading level skipped in Team History (h2 > h3 > h4, missing h3 branch)","1.3.1, 2.4.6","src/pages/teams/[slug].astro; src/components/teams/TeamHistoryEvents.astro; src/components/teams/TeamHistoryYears.astro","242; 29; 151,242",Fixed 2026-09-19,Frontend,Small,"Promoted Events/robot-name/Awards headings from h4 to h3; verified live heading sequence has no skip"
M2,Minor,"Decorative icons in Icon.astro missing aria-hidden","1.1.1, 4.1.2",src/components/marketing/Icon.astro,59-69,Fixed 2026-09-19,Frontend,Small,"Added aria-hidden=true, matching SocialIcon.astro; verified live on homepage"
P1,Polish,"Inconsistent decorative-dot labeling (title vs aria-hidden)",1.1.1,src/components/teams/TeamHistoryAwardRow.astro,"32, 34",Fixed 2026-09-19,Frontend,Small,"Replaced title attribute with aria-hidden=true on the colored dot to match the non-colored one"
P2,Polish,"Dead href=# fallback link on partner logos with no URL",2.4.4,src/pages/about.astro,316,Fixed 2026-09-19,Frontend,Small,"Renders as a plain div (no href) when partner.data.url is absent; verified no current partner regressed"
P3,Polish,"Nav step-number contrast is a narrow AA pass (~4.76:1)",1.4.3,src/components/nav/SiteHeader.astro,65-67,Fixed 2026-09-19,Frontend,Small,"Changed text-slate-500 to text-slate-600 in both desktop and mobile nav, ~7.6:1 contrast"
